id,name,url
1,Image 1,assets/images/img1.jpg
2,Image 2,assets/images/img2.jpg
3,Image 3,assets/images/img3.jpg
4,Image 4,assets/images/img4.jpg
5,Image 5,assets/images/img5.jpg
6,Image 6,assets/images/img6.jpg
7,Image 7,assets/images/img7.jpg
8,Image 8,assets/images/img8.jpg
9,Image 9,assets/images/img9.jpg
10,Image 10,assets/images/img10.jpg
11,Image 11,assets/images/img11.jpg
12,Image 12,assets/images/img12.jpg
13,Image 13,assets/images/img13.jpg
14,Image 14,assets/images/img14.jpg
15,Image 15,assets/images/img15.jpg
16,Image 16,assets/images/img16.jpg
17,Image 17,assets/images/img17.jpg
18,Image 18,assets/images/img18.jpg
19,Image 19,assets/images/img19.jpg
20,Image 20,assets/images/img20.jpg
21,Image 21,assets/images/img21.jpg
22,Image 22,assets/images/img22.jpg
23,Image 23,assets/images/img23.jpg
24,Image 24,assets/images/img24.jpg
25,Image 25,assets/images/img25.jpg